ArquivoXML;ID_CNPQ
0000028008893431.xml;0439577158192249.xml
0000028008893431.xml;9349547145733640.xml
0000028008893431.xml;6307447164420954.xml
0000028008893431.xml;4256001449073438.xml
0000036350356979.xml;9039451415782336.xml
0000039015885890.xml;4628431262205595.xml
0000039015885890.xml;4399829281247824.xml
0000039015885890.xml;3744329382300316.xml
0000039015885890.xml;4628431262205595.xml
0000039015885890.xml;4676278711005293.xml
0000039015885890.xml;7599331855053094.xml
0000039015885890.xml;4628431262205595.xml
0000039015885890.xml;4628431262205595.xml
0000039015885890.xml;3250141701304111.xml
0000039015885890.xml;4628431262205595.xml
0000039015885890.xml;9537204954315469.xml
0000039015885890.xml;6949879982808858.xml
0000039015885890.xml;8024459629619463.xml
0000039450694651.xml;8535325155568005.xml
0000045877979820.xml;4758321709253619.xml
0000045877979820.xml;7941321837669251.xml
0000045877979820.xml;1459797138770378.xml
0000052654865481.xml;7265711398072275.xml
0000052654865481.xml;8251676116103188.xml
0000052654865481.xml;3424804303469383.xml
0000073889878916.xml;4298981397642077.xml
0000073889878916.xml;8503890458095202.xml
0000073889878916.xml;0705452234333290.xml
0000073889878916.xml;6443025153770870.xml
0000073889878916.xml;8842010388315386.xml
0000073889878916.xml;8503890458095202.xml
0000073889878916.xml;8503890458095202.xml
0000073889878916.xml;0938805013383423.xml
0000073889878916.xml;7629898780105224.xml
0000073889878916.xml;5307655102723446.xml
0000073889878916.xml;8503890458095202.xml
0000073889878916.xml;5940399467829427.xml
0000073889878916.xml;0705452234333290.xml
0000073889878916.xml;8503890458095202.xml
0000073889878916.xml;8503890458095202.xml
0000073889878916.xml;8986671420282504.xml
0000096258045504.xml;8060253532598967.xml
0000096258045504.xml;3041231438928613.xml
0000096258045504.xml;2332604239081900.xml
0000096258045504.xml;4109110009789771.xml
0000096258045504.xml;0535777592588490.xml
0000096258045504.xml;8623512462352869.xml
0000096258045504.xml;2760002240063004.xml
0000096258045504.xml;2278269345182335.xml
0000096258045504.xml;6412713158883137.xml
0000096258045504.xml;6412713158883137.xml
0000104116232000.xml;7077573024279536.xml
0000104116232000.xml;8531917886160135.xml
0000104116232000.xml;7736310371948014.xml
0000104116232000.xml;0151285357488920.xml
0000104116232000.xml;3625079127976189.xml
0000104116232000.xml;7493008178841307.xml
0000104116232000.xml;7355743129213406.xml
0000104116232000.xml;4693875335960204.xml
0000104116232000.xml;0151285357488920.xml
0000104116232000.xml;0151285357488920.xml
0000104116232000.xml;0565778602837400.xml
0000104116232000.xml;4954699765655343.xml
0000104116232000.xml;6913799864277174.xml
0000104116232000.xml;6762537560278082.xml
0000104116232000.xml;2208229006393495.xml
0000104116232000.xml;0924773081596557.xml
0000104116232000.xml;9856154294275621.xml
0000104116232000.xml;8382664283600912.xml
0000104116232000.xml;3323708991010013.xml
0000104116232000.xml;1114823178108021.xml
0000104116232000.xml;6913799864277174.xml
0000104116232000.xml;3996366017611202.xml
0000104116232000.xml;3323708991010013.xml
0000104116232000.xml;2282246976638878.xml
0000104116232000.xml;8741124364246075.xml
0000104116232000.xml;2710474728753403.xml
0000104116232000.xml;2710474728753403.xml
0000104116232000.xml;8029656203911141.xml
0000104116232000.xml;0151285357488920.xml
0000105101920728.xml;6151839652140018.xml
0000111305956227.xml;8579051478703901.xml
0000111305956227.xml;6497743621816165.xml
0000111305956227.xml;7897779819494573.xml
0000111305956227.xml;3964313181351411.xml
0000111305956227.xml;7897779819494573.xml
0000111305956227.xml;7380678199477464.xml
0000111305956227.xml;2560106052820991.xml
0000111305956227.xml;9205464082942072.xml
0000111305956227.xml;9079570473987885.xml
0000111305956227.xml;3292811393795929.xml
0000111305956227.xml;3060964061145182.xml
0000111305956227.xml;8960498684687607.xml
0000111305956227.xml;4617213714835536.xml
0000111305956227.xml;1348627077643110.xml
0000111305956227.xml;6812943821298890.xml
0000111305956227.xml;8056542335438905.xml
0000111305956227.xml;9045765842523860.xml
0000111305956227.xml;1572504650930605.xml
0000111305956227.xml;8635194231800099.xml
0000111305956227.xml;4283472486715232.xml
0000111305956227.xml;0334657218825884.xml
0000111305956227.xml;2951108546726718.xml
0000111305956227.xml;1094633404979748.xml
0000111305956227.xml;8260639113536258.xml
0000111305956227.xml;9256620565438843.xml
0000111305956227.xml;6345440666273561.xml
0000111305956227.xml;9442590455789681.xml
0000111305956227.xml;3718724793145641.xml
0000111305956227.xml;9916355545847975.xml
0000111305956227.xml;6345440666273561.xml
0000111305956227.xml;5477892416951709.xml
0000111305956227.xml;6345440666273561.xml
0000111305956227.xml;5998822285443812.xml
0000111305956227.xml;5374042009924274.xml
0000111305956227.xml;0415506495179989.xml
0000111305956227.xml;1422930600138061.xml
0000111305956227.xml;5687037191656196.xml
0000111305956227.xml;4393261030137127.xml
0000111305956227.xml;3187314725486902.xml
0000111305956227.xml;6345440666273561.xml
0000111305956227.xml;2646626586269060.xml
0000111305956227.xml;8039497423711664.xml
0000111305956227.xml;9834815945066835.xml
0000111305956227.xml;8391915311816965.xml
0000111305956227.xml;2397483078480061.xml
0000111305956227.xml;7617091280907670.xml
0000111305956227.xml;5748745713292417.xml
0000111305956227.xml;7897779819494573.xml
0000111305956227.xml;3981591937910977.xml
0000111305956227.xml;7903752206832844.xml
0000111305956227.xml;5834049230321121.xml
0000111305956227.xml;3385831156312889.xml
0000111305956227.xml;2030809077493501.xml
0000111305956227.xml;4008465707692383.xml
0000111305956227.xml;3975956324501609.xml
0000111305956227.xml;1447161934695275.xml
0000111305956227.xml;8270881299663854.xml
0000111305956227.xml;7745470765033035.xml
0000136496931211.xml;7079680723888278.xml
0000136496931211.xml;4302739691438115.xml
0000136496931211.xml;7661692484420807.xml
0000136496931211.xml;4947839381282664.xml
0000136496931211.xml;6452489003346840.xml
0000136496931211.xml;8783769406433882.xml
0000172749625056.xml;6023808890801942.xml
0000172749625056.xml;1923356041746063.xml
0000174385402367.xml;8117497993539795.xml
0000174385402367.xml;7070885875161111.xml
0000174385402367.xml;6167735734348703.xml
0000174385402367.xml;9933650905615452.xml
0000183606503103.xml;7010718902475647.xml
0000183606503103.xml;1780564621664455.xml
0000183606503103.xml;1780564621664455.xml
0000183606503103.xml;9673684282497548.xml
0000186959343761.xml;3493221251501253.xml
0000186959343761.xml;5924703058366024.xml
0000186959343761.xml;9842165081248787.xml
0000186959343761.xml;3113523210249686.xml
0000186959343761.xml;0043662840011131.xml
0000186959343761.xml;5032093568460045.xml
0000211458496912.xml;1417393119863974.xml
0000211458496912.xml;8825414190966959.xml
0000212410462167.xml;0032091299341560.xml
0000230621439945.xml;4580628739346597.xml
0000230621439945.xml;6589995987863639.xml
0000230621439945.xml;1662776944258012.xml
0000238107073973.xml;4766400253222667.xml
0000238107073973.xml;2268246279249818.xml
0000238107073973.xml;4412914918747737.xml
0000238107073973.xml;7297737442136792.xml
0000238107073973.xml;0151004848900099.xml
0000238107073973.xml;2962183322412029.xml
0000238107073973.xml;1898007894731106.xml
0000238107073973.xml;2962183322412029.xml
0000238107073973.xml;6383844066460475.xml
0000238107073973.xml;9779746419370124.xml
0000238107073973.xml;0151004848900099.xml
0000238107073973.xml;6159170831146332.xml
0000238107073973.xml;8205438032971941.xml
0000238107073973.xml;0229724056594599.xml
0000238107073973.xml;9501907577020110.xml
0000238107073973.xml;2496672193727926.xml
0000238107073973.xml;6742432146153011.xml
0000238107073973.xml;4563909148326497.xml
0000238107073973.xml;2291965644302009.xml
0000238107073973.xml;3220111929133519.xml
0000244235176431.xml;9630482586167335.xml
0000244235176431.xml;2271670198236187.xml
0000244235176431.xml;3872050473238370.xml
0000244235176431.xml;7264146411460868.xml
0000244235176431.xml;5241064205933556.xml
0000254371229748.xml;8481338682536171.xml
0000254371229748.xml;1869692918489026.xml
0000254371229748.xml;4773647140276512.xml
0000254371229748.xml;9790745421958378.xml
0000254371229748.xml;4073022678370005.xml
0000254371229748.xml;1906651854587067.xml
0000254371229748.xml;6088560261476889.xml
0000254371229748.xml;5873636553295704.xml
0000254371229748.xml;0021199964477362.xml
0000254371229748.xml;9595917441407045.xml
0000254371229748.xml;6445841478978597.xml
0000254371229748.xml;0903572930540157.xml
0000254371229748.xml;3935366222752874.xml
0000254371229748.xml;3661403978447628.xml
0000254371229748.xml;3454613561769699.xml
0000254371229748.xml;6802786995437169.xml
0000254371229748.xml;3933697120683581.xml
0000254371229748.xml;3681774705905754.xml
0000254371229748.xml;3812558776956468.xml
0000254371229748.xml;2194675734267528.xml
0000254371229748.xml;3933697120683581.xml
0000254371229748.xml;9898783080238029.xml
0000254371229748.xml;5529582752535382.xml
0000254371229748.xml;6350853386740473.xml
0000254371229748.xml;5873636553295704.xml
0000254371229748.xml;3933697120683581.xml
0000263417677108.xml;9012096969803040.xml
0000263417677108.xml;7027446049980488.xml
0000263417677108.xml;8450622787062766.xml
0000263417677108.xml;3210253074633865.xml
0000263417677108.xml;8734189729217947.xml
0000263417677108.xml;6726529331459484.xml
0000263417677108.xml;2897081533264352.xml
0000263417677108.xml;7617304151950980.xml
0000263417677108.xml;3390801574622152.xml
0000263417677108.xml;4093825086696897.xml
0000263417677108.xml;5006483176864864.xml
0000263417677108.xml;6439393069965749.xml
0000263417677108.xml;6739544971574698.xml
0000263417677108.xml;2726277338449886.xml
0000263417677108.xml;7123868038750477.xml
0000263417677108.xml;9578815085106689.xml
0000263417677108.xml;1304569929403205.xml
0000263417677108.xml;6674115023139208.xml
0000263417677108.xml;8210568300556807.xml
0000263417677108.xml;2505262935763403.xml
0000263417677108.xml;2479331707961562.xml
0000263417677108.xml;7600241321699914.xml
0000263417677108.xml;0431759829402552.xml
0000269783122068.xml;3144508981197442.xml
0000269783122068.xml;6859739260962963.xml
0000276140170730.xml;5047389630359860.xml
0000276140170730.xml;5047389630359860.xml
0000276140170730.xml;3870411839950794.xml
0000276140170730.xml;5047389630359860.xml
0000315676393333.xml;1549447568023040.xml
0000315676393333.xml;1942580852256588.xml
0000315676393333.xml;0211829376571921.xml
0000325690951570.xml;0695406590200967.xml
0000325690951570.xml;6535040599537337.xml
0000325690951570.xml;5407344828494967.xml
0000325690951570.xml;2187395401914295.xml
0000325690951570.xml;6686104600091881.xml
0000325690951570.xml;3620163736533514.xml
0000325690951570.xml;3612231518734839.xml
0000325690951570.xml;9228587145536399.xml
0000325690951570.xml;4011893065630954.xml
0000325690951570.xml;7488432731087181.xml
0000325690951570.xml;7488432731087181.xml
0000325690951570.xml;4408742728972066.xml
0000325690951570.xml;0527230572384457.xml
0000325690951570.xml;7728389320504879.xml
0000325690951570.xml;6211918426877457.xml
0000325690951570.xml;6893268028825034.xml
0000325690951570.xml;3459718034853129.xml
0000325690951570.xml;7866419391026105.xml
0000325690951570.xml;9889617507416757.xml
0000325690951570.xml;4484335621458630.xml
0000325690951570.xml;9140261729054617.xml
0000325690951570.xml;2731325754469451.xml
0000325690951570.xml;7864448198934346.xml
0000325690951570.xml;6658352718172948.xml
0000325690951570.xml;6912144880782408.xml
0000325690951570.xml;4103236636522942.xml
0000325690951570.xml;5512756726602398.xml
0000325690951570.xml;9144640078598731.xml
0000325690951570.xml;3346753158033108.xml
0000325690951570.xml;3905667344965784.xml
0000325690951570.xml;8818553412132557.xml
0000325690951570.xml;6211918426877457.xml
0000325690951570.xml;0733102938676522.xml
0000325690951570.xml;1562752508279625.xml
0000325690951570.xml;4695065634049566.xml
0000325690951570.xml;1056047977421182.xml
0000325690951570.xml;1694260923221276.xml
0000325690951570.xml;7034017204468983.xml
0000325690951570.xml;9914278441730955.xml
0000325690951570.xml;5715852515254467.xml
0000325690951570.xml;8284539093845312.xml
0000325690951570.xml;5222499207247960.xml
0000325690951570.xml;0669013150421592.xml
0000325690951570.xml;6789607734628108.xml
0000325690951570.xml;6789607734628108.xml
0000325690951570.xml;5607967300278589.xml
0000325690951570.xml;3468455656914958.xml
0000325690951570.xml;8382601299301167.xml
0000325690951570.xml;9792254587741116.xml
0000325690951570.xml;2278221700182008.xml
0000325690951570.xml;0076495289869548.xml
0000325690951570.xml;1799955094699415.xml
0000325690951570.xml;3301350205093398.xml
0000325690951570.xml;4378490763619872.xml
0000325690951570.xml;0134693605452082.xml
0000325690951570.xml;8453883010096904.xml
0000325690951570.xml;8624245872525408.xml
0000325690951570.xml;6117513286651749.xml
0000325690951570.xml;9914278441730955.xml
0000325690951570.xml;3345367355585035.xml
0000325690951570.xml;8284539093845312.xml
0000325690951570.xml;5222499207247960.xml
0000325690951570.xml;5607967300278589.xml
0000325690951570.xml;1621443651170861.xml
0000325690951570.xml;4032968622704713.xml
0000325690951570.xml;2889566648612201.xml
0000325690951570.xml;2023043289204856.xml
0000325690951570.xml;6991633873127083.xml
0000325690951570.xml;6652006690627496.xml
0000325690951570.xml;0333390666972274.xml
0000325690951570.xml;9245752219371108.xml
0000325690951570.xml;1777673257232979.xml
0000325690951570.xml;3844419208186350.xml
0000325690951570.xml;2208110750557328.xml
0000325690951570.xml;8413683922575816.xml
0000325690951570.xml;7728389320504879.xml
0000325690951570.xml;9219077334380862.xml
0000325690951570.xml;9587351889825114.xml
0000325690951570.xml;7868414149863184.xml
0000325690951570.xml;6967504648901128.xml
0000325690951570.xml;6849485246299952.xml
0000325690951570.xml;8427736157860547.xml
0000325690951570.xml;9263678940141024.xml
0000325690951570.xml;0040740498424046.xml
0000325690951570.xml;6222241339082462.xml
0000325690951570.xml;3266196093723072.xml
0000325690951570.xml;8447586215674692.xml
0000325690951570.xml;4161677878228867.xml
0000340069768344.xml;0246614895218572.xml
0000340069768344.xml;9742821620173750.xml
0000340069768344.xml;8264752742293432.xml
0000340069768344.xml;6136084692276376.xml
0000340069768344.xml;3383355735419414.xml
0000340069768344.xml;4812180363054225.xml
0000340069768344.xml;6136084692276376.xml
0000340069768344.xml;2977777190203395.xml
0000340069768344.xml;6773042905930045.xml
0000340069768344.xml;5991949730989569.xml
0000340069768344.xml;5480722860518866.xml
0000340069768344.xml;6732988885861982.xml
0000340069768344.xml;8065373057528197.xml
0000340069768344.xml;9792317554331281.xml
0000345675585408.xml;1934003339526260.xml
0000345675585408.xml;1838347600294005.xml
0000345675585408.xml;9909220129458123.xml
0000345675585408.xml;5667876978791233.xml
0000345675585408.xml;3810508990315581.xml
0000345675585408.xml;9909220129458123.xml
0000345675585408.xml;1324823205771919.xml
0000345675585408.xml;8066134123506070.xml
0000345845914601.xml;3750168572853598.xml
0000345845914601.xml;1430574787409508.xml
0000345845914601.xml;2883405124521858.xml
0000346109292138.xml;7761894402496201.xml
0000346109292138.xml;5209433683137345.xml
0000346109292138.xml;0266564049154765.xml
0000346109292138.xml;2363943196066194.xml
0000346109292138.xml;7175179702350118.xml
0000346109292138.xml;4294698135718928.xml
0000346109292138.xml;8293508723147575.xml
0000356621266685.xml;6148848874012153.xml
0000365646569985.xml;7910227103761592.xml
0000365646569985.xml;9885391923578742.xml
0000384429680723.xml;9502283747963555.xml
0000386987458271.xml;9196531521117230.xml
0000386987458271.xml;7385562957731590.xml
0000386987458271.xml;2019403198550098.xml
0000388759864860.xml;2652136188920074.xml
0000388759864860.xml;5632322153093387.xml
0000388759864860.xml;5198730541108277.xml
0000388759864860.xml;4359261479122193.xml
0000388759864860.xml;1843912343861412.xml
0000388759864860.xml;6099501384622339.xml
0000388759864860.xml;6941918617468802.xml
0000388759864860.xml;8012781178161885.xml
0000388759864860.xml;4011458611872624.xml
0000388759864860.xml;1675567035628784.xml
0000388759864860.xml;5875434315507793.xml
0000388759864860.xml;6047967144025586.xml
0000388759864860.xml;2652136188920074.xml
0000388759864860.xml;4092089637806512.xml
0000388759864860.xml;4359261479122193.xml
0000388759864860.xml;1675567035628784.xml
0000388759864860.xml;0580332207822170.xml
0000388759864860.xml;3614855670167724.xml
0000388759864860.xml;5731856650217859.xml
0000388759864860.xml;3318707277023349.xml
0000388759864860.xml;4303264012231995.xml
0000388759864860.xml;3805472243904168.xml
0000388759864860.xml;2237967810829268.xml
0000388759864860.xml;3367569251719152.xml
0000388759864860.xml;7352128996670287.xml
0000388759864860.xml;0191566589667153.xml
0000388759864860.xml;2135451550192070.xml
0000388759864860.xml;2412517319305573.xml
0000388759864860.xml;4253846622368979.xml
0000388759864860.xml;8116591597806886.xml
0000388759864860.xml;9808965707951024.xml
0000388759864860.xml;4359261479122193.xml
0000388759864860.xml;7448010108449972.xml
0000388759864860.xml;4303264012231995.xml
0000388759864860.xml;1675567035628784.xml
0000388759864860.xml;4359261479122193.xml
0000388759864860.xml;3001541270661169.xml
0000388759864860.xml;6099501384622339.xml
0000388759864860.xml;1992108703603111.xml
0000388759864860.xml;4359261479122193.xml
0000388759864860.xml;5374494159337846.xml
0000388759864860.xml;7448010108449972.xml
0000388759864860.xml;0297419882161114.xml
0000388759864860.xml;1479811970692262.xml
0000388759864860.xml;9325549565199068.xml
0000388759864860.xml;6357563570334700.xml
0000388759864860.xml;4011458611872624.xml
0000397218106359.xml;2485073932883264.xml
0000397218106359.xml;4431449069339555.xml
0000397218106359.xml;1030306192969513.xml
0000397218106359.xml;4991504477714664.xml
0000397218106359.xml;2268382620314191.xml
0000397218106359.xml;2485073932883264.xml
0000397218106359.xml;2791074318745945.xml
0000397218106359.xml;5249001430287414.xml
0000397218106359.xml;8233994135270846.xml
0000397218106359.xml;8117747568545202.xml
0000397218106359.xml;2485073932883264.xml
0000397218106359.xml;2791074318745945.xml
0000397218106359.xml;5387010100082241.xml
0000397218106359.xml;6866925260348276.xml
0000397218106359.xml;6928918856031880.xml
0000415998871219.xml;2152727780970670.xml
0000415998871219.xml;2924628034072098.xml
0000415998871219.xml;8942799923709246.xml
0000415998871219.xml;2140540304856800.xml
0000415998871219.xml;7986638675222085.xml
0000415998871219.xml;1116744130021746.xml
0000415998871219.xml;2019967370529567.xml
0000415998871219.xml;2692405564846986.xml
0000415998871219.xml;7595862569184551.xml
0000415998871219.xml;3382563390871398.xml
0000415998871219.xml;9739783015056573.xml
0000415998871219.xml;6346720270200955.xml
0000415998871219.xml;0910891082253518.xml
0000415998871219.xml;0515910650937953.xml
0000415998871219.xml;5030383787014962.xml
0000415998871219.xml;3206762579434374.xml
0000415998871219.xml;9067076243383178.xml
0000415998871219.xml;0515910650937953.xml
0000415998871219.xml;4994413203864313.xml
0000415998871219.xml;1597868760100150.xml
0000415998871219.xml;9241929289577776.xml
0000415998871219.xml;5006723903897506.xml
0000415998871219.xml;5806685297750558.xml
0000415998871219.xml;6159093393030461.xml
0000415998871219.xml;6078476427954319.xml
0000415998871219.xml;8025237953087290.xml
0000415998871219.xml;8841355416708114.xml
0000415998871219.xml;7732005168515626.xml
0000415998871219.xml;1676752928022889.xml
0000415998871219.xml;0593156485538790.xml
0000415998871219.xml;4117615906368948.xml
0000415998871219.xml;7504802823315527.xml
0000415998871219.xml;8612274251236548.xml
0000415998871219.xml;8421022258242280.xml
0000415998871219.xml;1116744130021746.xml
0000415998871219.xml;1504996216774584.xml
0000415998871219.xml;1116744130021746.xml
0000415998871219.xml;3382563390871398.xml
0000415998871219.xml;4196272717187921.xml
0000415998871219.xml;4852226296963338.xml
0000415998871219.xml;8899071616095997.xml
0000415998871219.xml;4805012154879468.xml
0000415998871219.xml;1676752928022889.xml
0000415998871219.xml;6346720270200955.xml
0000415998871219.xml;3377861683609580.xml
0000415998871219.xml;6960470053037905.xml
0000415998871219.xml;1612801792406133.xml
0000415998871219.xml;8899071616095997.xml
0000415998871219.xml;4754986418907365.xml
0000415998871219.xml;6312569280135771.xml
0000415998871219.xml;0781651526578870.xml
0000415998871219.xml;2957155191970991.xml
0000415998871219.xml;2605433058115250.xml
0000415998871219.xml;6159093393030461.xml
0000422935927267.xml;2239702428671049.xml
0000422935927267.xml;5064892500582529.xml
0000422935927267.xml;7459851068586682.xml
0000422935927267.xml;8250943178224177.xml
0000422935927267.xml;1764086861517978.xml
0000422935927267.xml;1213877840224922.xml
0000422935927267.xml;2284090069006192.xml
0000422935927267.xml;4833006168241192.xml
0000422935927267.xml;9364645111705574.xml
0000422935927267.xml;5361491938628757.xml
0000422935927267.xml;7589136910154241.xml
0000422935927267.xml;2608184709085398.xml
0000422935927267.xml;2047776037197093.xml
0000422935927267.xml;3774340055718987.xml
0000422935927267.xml;4391285063422335.xml
0000422935927267.xml;8710973419078365.xml
0000422935927267.xml;2750728168418179.xml
0000422935927267.xml;6006866847201347.xml
0000422935927267.xml;9703319571233797.xml
0000422935927267.xml;3720110532053813.xml
0000422935927267.xml;8334569742943322.xml
0000425677199718.xml;7657998562014379.xml
0000425677199718.xml;0511687156565143.xml
0000425677199718.xml;4553473114611205.xml
0000425677199718.xml;3731900126916695.xml
0000425677199718.xml;2453317903235104.xml
0000425677199718.xml;7931252920174181.xml
0000425677199718.xml;9580086985356060.xml
0000425677199718.xml;4025389478238076.xml
0000425677199718.xml;9917899598089580.xml
0000425677199718.xml;4420144419488610.xml
0000425677199718.xml;0327313009201397.xml
0000425677199718.xml;7936774582366841.xml
0000425677199718.xml;9830591748638229.xml
0000425677199718.xml;4577200856923736.xml
0000425677199718.xml;9496625331390819.xml
0000425677199718.xml;5729308621237625.xml
0000425677199718.xml;8579955589649014.xml
0000425677199718.xml;5164566120386858.xml
0000425677199718.xml;5563384535809994.xml
0000425677199718.xml;8154400395732986.xml
0000425677199718.xml;8716005246089345.xml
0000425677199718.xml;6673241162637211.xml
0000425677199718.xml;6947077725815435.xml
0000425677199718.xml;1241631355870424.xml
0000425677199718.xml;3454569409691502.xml
0000425677199718.xml;9917899598089580.xml
0000425677199718.xml;4670191023840030.xml
0000425677199718.xml;1123516887204365.xml
0000425677199718.xml;6286200498122387.xml
0000425677199718.xml;8821632520139406.xml
0000425677199718.xml;8338527087554463.xml
0000425677199718.xml;8485735604107239.xml
0000425677199718.xml;8154400395732986.xml
0000425677199718.xml;6662766491769043.xml
0000425677199718.xml;0284195911828468.xml
0000425677199718.xml;7235355049730825.xml
0000425677199718.xml;8154400395732986.xml
0000425677199718.xml;6947223644480050.xml
0000425677199718.xml;2051152200785220.xml
0000425677199718.xml;2057116013573850.xml
0000425677199718.xml;6080000618358423.xml
0000425677199718.xml;6866270928240455.xml
0000425677199718.xml;3454569409691502.xml
0000425677199718.xml;4693381573263323.xml
0000425677199718.xml;9917899598089580.xml
0000425677199718.xml;4040110681224216.xml
0000425677199718.xml;3212406741947507.xml
0000425677199718.xml;6947077725815435.xml
0000425677199718.xml;9923120846825386.xml
0000425677199718.xml;4425588589333281.xml
0000425677199718.xml;9917899598089580.xml
0000425677199718.xml;4693381573263323.xml
0000425677199718.xml;9917899598089580.xml
0000425677199718.xml;3731900126916695.xml
0000425677199718.xml;9917899598089580.xml
0000425677199718.xml;0723041934415786.xml
0000425677199718.xml;7657998562014379.xml
0000425677199718.xml;6506982757905191.xml
0000425677199718.xml;0631326687250908.xml
0000426155441725.xml;0993321308973256.xml
0000426155441725.xml;8983984787459858.xml
0000426561067083.xml;3335593559971739.xml
0000426561067083.xml;6177389500351663.xml
0000426561067083.xml;7913281228807266.xml
0000426561067083.xml;3568455663869981.xml
0000426561067083.xml;3234555183136504.xml
0000426561067083.xml;4662625935325848.xml
0000426561067083.xml;7642043789034070.xml
0000426561067083.xml;5146228842979896.xml
0000426561067083.xml;4408599021040004.xml
0000426561067083.xml;6558589560104068.xml
0000426561067083.xml;9118613488864340.xml
0000426561067083.xml;7078681800525629.xml
0000426561067083.xml;3058281149654363.xml
0000426561067083.xml;1346877485640832.xml
0000426561067083.xml;1710816696482764.xml
0000426561067083.xml;6365725445850992.xml
0000426561067083.xml;6832034287534111.xml
0000426561067083.xml;8743070680357477.xml
0000426561067083.xml;9162480060362676.xml
0000440539705609.xml;4947782232797063.xml
0000440539705609.xml;7186082133291911.xml
0000440539705609.xml;7347434391302370.xml
0000440539705609.xml;1122466737939620.xml
0000440539705609.xml;5151731211348787.xml
0000440539705609.xml;9989847708337561.xml
0000440539705609.xml;3811860108088688.xml
0000440539705609.xml;5694984173742159.xml
0000440539705609.xml;1805360613282823.xml
0000440539705609.xml;2489441278965931.xml
0000440539705609.xml;3228734057228562.xml
0000440539705609.xml;5040986607742686.xml
0000440539705609.xml;1923914606069424.xml
0000440539705609.xml;9496947520824395.xml
0000440539705609.xml;5780612348486749.xml
0000440539705609.xml;9371857241232343.xml
0000440539705609.xml;0701828905539485.xml
0000440539705609.xml;2773324489168673.xml
0000440539705609.xml;9958236923543213.xml
0000440539705609.xml;0203698190782773.xml
0000440539705609.xml;8394183381720346.xml
0000440539705609.xml;7891490489383146.xml
0000440539705609.xml;8914404051988520.xml
0000440539705609.xml;7718816128860614.xml
0000440539705609.xml;2901888624506535.xml
0000440539705609.xml;5039341114519925.xml
0000440539705609.xml;5319908010656500.xml
0000440539705609.xml;7047808010249477.xml
0000440539705609.xml;5396642137687342.xml
0000440539705609.xml;6534931458837778.xml
0000440539705609.xml;7605353621679017.xml
0000440539705609.xml;1897790038591384.xml
0000440539705609.xml;5051375977392595.xml
0000440539705609.xml;7056539924040581.xml
0000440539705609.xml;9380112449444041.xml
0000440539705609.xml;9383258845813764.xml
0000440539705609.xml;5810592424367844.xml
0000440539705609.xml;4947782232797063.xml
0000440539705609.xml;8429178251314959.xml
0000440539705609.xml;6471162585936863.xml
0000440539705609.xml;0545333113180450.xml
0000440539705609.xml;0701828905539485.xml
0000440539705609.xml;9496947520824395.xml
0000440539705609.xml;0352210051723869.xml
0000440539705609.xml;0721743417678801.xml
0000440539705609.xml;4572146704033743.xml
0000440539705609.xml;8231448275448075.xml
0000476305738830.xml;4385873392645403.xml
0000476305738830.xml;2170504568699888.xml
0000476305738830.xml;0012612574173131.xml
0000476305738830.xml;3925634920090943.xml
0000492089268615.xml;3629904433422401.xml
0000492089268615.xml;9739978737902219.xml
0000492089268615.xml;9739978737902219.xml
0000492089268615.xml;6646006538540573.xml
0000492089268615.xml;9230190984956140.xml
0000492089268615.xml;5083935319831183.xml
0000492089268615.xml;9739978737902219.xml
0000492089268615.xml;9739978737902219.xml
0000492089268615.xml;8970827479740499.xml
0000492089268615.xml;9739978737902219.xml
0000492089268615.xml;9396168818263301.xml
0000492089268615.xml;9230190984956140.xml
0000492089268615.xml;8684072594249044.xml
0000492089268615.xml;9230190984956140.xml
0000492089268615.xml;9739978737902219.xml
0000492089268615.xml;8970827479740499.xml
0000492089268615.xml;9739978737902219.xml
0000492089268615.xml;2736978887761159.xml
0000498556995343.xml;4884608415081830.xml
0000498556995343.xml;5543398087804228.xml
0000498556995343.xml;7718542133697548.xml
0000498556995343.xml;8792816422955022.xml
0000498556995343.xml;7120013700095292.xml
0000498556995343.xml;8244171923416099.xml
0000498556995343.xml;1001252598183320.xml
0000498556995343.xml;9857268430021375.xml
0000498556995343.xml;0740026069848125.xml
0000504817779338.xml;9053641677315001.xml
0000507838194708.xml;7574802319786632.xml
0000507838194708.xml;7574802319786632.xml
0000507838194708.xml;7574802319786632.xml
0000507838194708.xml;7574802319786632.xml
0000507838194708.xml;7574802319786632.xml
0000507838194708.xml;9011778118531233.xml
0000507838194708.xml;7574802319786632.xml
0000507838194708.xml;7574802319786632.xml
0000507838194708.xml;7574802319786632.xml
0000507838194708.xml;7574802319786632.xml
0000507838194708.xml;0000507838194708.xml
0000507838194708.xml;7574802319786632.xml
0000509408619352.xml;7610253415034768.xml
0000509408619352.xml;1028299162272414.xml
0000509408619352.xml;3658556378253903.xml
0000509408619352.xml;1281239421952609.xml
0000509408619352.xml;5869142822023246.xml
0000509408619352.xml;1038640508672912.xml
0000509408619352.xml;3660493864159835.xml
0000509408619352.xml;9449484790926524.xml
0000525075420657.xml;3805893687645484.xml
0000525075420657.xml;2882948079530397.xml
0000525075420657.xml;3237918415399349.xml
0000525075420657.xml;5881616466982846.xml
0000525075420657.xml;6991663226183640.xml
0000525075420657.xml;5431863504554421.xml
0000525075420657.xml;6994582622218800.xml
0000525075420657.xml;7164021738446881.xml
0000527146398926.xml;4024295859554073.xml
0000550327502560.xml;6042803082044546.xml
0000550327502560.xml;8200259532109215.xml
0000550327502560.xml;0370172898326794.xml
0000550327502560.xml;1467113520626266.xml
0000550327502560.xml;6672284400434143.xml
0000550327502560.xml;3429622504698211.xml
0000550327502560.xml;5371152507669270.xml
0000550327502560.xml;9965118356689860.xml
0000550327502560.xml;7532334620264577.xml
0000550327502560.xml;9106106046437124.xml
0000550327502560.xml;0199082642322002.xml
0000550327502560.xml;0617187108336515.xml
0000550327502560.xml;1177756678285550.xml
0000550327502560.xml;3105589909929537.xml
0000550327502560.xml;5924284771005310.xml
0000550327502560.xml;6708898724824241.xml
0000550327502560.xml;2848266629474356.xml
0000550327502560.xml;1851125463274959.xml
0000565598534943.xml;9589816603269967.xml
0000565598534943.xml;1860720396685193.xml
0000565598534943.xml;4548469648111661.xml
0000586522598978.xml;0000586522598978.xml
0000586522598978.xml;0049329334408603.xml
0000586522598978.xml;2007735139217872.xml
0000586522598978.xml;7543990019249165.xml
0000586522598978.xml;0000586522598978.xml
0000586522598978.xml;0981286567560867.xml
0000586522598978.xml;4535332644982596.xml
0000586522598978.xml;0000586522598978.xml
0000586522598978.xml;0000586522598978.xml
0000587396480352.xml;1960119149032725.xml
0000587396480352.xml;8636516243687298.xml
0000587396480352.xml;9084943391184155.xml
0000587396480352.xml;9003609826962976.xml
0000601083852823.xml;3575559872183767.xml
0000601083852823.xml;5117339495064254.xml
0000601083852823.xml;6501574961643171.xml
0000601083852823.xml;6501574961643171.xml
0000601083852823.xml;5433243158831648.xml
0000601083852823.xml;0462549482032704.xml
0000601083852823.xml;9401938646002189.xml
0000601083852823.xml;1938715770891215.xml
0000601083852823.xml;6501574961643171.xml
0000605216639909.xml;4816429779146909.xml
0000605216639909.xml;2482014486805534.xml
0000605216639909.xml;0676766332500379.xml
0000605216639909.xml;5336055654190666.xml
0000605216639909.xml;7528954595127003.xml
0000605216639909.xml;6514146095003486.xml
0000605216639909.xml;0676766332500379.xml
0000605216639909.xml;3275252597631249.xml
0000605216639909.xml;3442803584924686.xml
0000605216639909.xml;4568162557688883.xml
0000605216639909.xml;3162292964889276.xml
0000605216639909.xml;3442803584924686.xml
0000605216639909.xml;3543120613457891.xml
0000605216639909.xml;4059475779299506.xml
0000605216639909.xml;3018298062282452.xml
0000605216639909.xml;2391380439385408.xml
0000605216639909.xml;0928793011431563.xml
0000605216639909.xml;7528954595127003.xml
0000605216639909.xml;4297880101340562.xml
0000605216639909.xml;0948799905374439.xml
0000605216639909.xml;3544401899360228.xml
0000605216639909.xml;0241426638379939.xml
0000605216639909.xml;8533085791611450.xml
0000605216639909.xml;3282202486682906.xml
0000605216639909.xml;8638021519578975.xml
0000605216639909.xml;2391380439385408.xml
0000605216639909.xml;1302500043145932.xml
0000605216639909.xml;7809154705370035.xml
0000641510600511.xml;3793361325936134.xml
0000641881628565.xml;7625368662982549.xml
0000641881628565.xml;1142308288700301.xml
0000641881628565.xml;1492648056093429.xml
0000641881628565.xml;8223962839679626.xml
0000641881628565.xml;4484482295856917.xml
0000641881628565.xml;3257298395651441.xml
0000649952959402.xml;7814738216559268.xml
0000649952959402.xml;1386922092780490.xml
0000649952959402.xml;5791162419894004.xml
0000649952959402.xml;2915020488175752.xml
0000649952959402.xml;8991062042568398.xml
0000649952959402.xml;5755900521577440.xml
0000649952959402.xml;3452243018698405.xml
0000649952959402.xml;6917479410354653.xml
0000649952959402.xml;0340280838165583.xml
0000649952959402.xml;5897926474703281.xml
0000649952959402.xml;1339300436604084.xml
0000649952959402.xml;9864529792441370.xml
0000649952959402.xml;0167080629752461.xml
0000649952959402.xml;5440092907747057.xml
0000649952959402.xml;7354755262119256.xml
0000649952959402.xml;0216393253832436.xml
0000649952959402.xml;9465375692384759.xml
0000649952959402.xml;2576210590601477.xml
0000649952959402.xml;7175631659428994.xml
0000649952959402.xml;0000649952959402.xml
0000649952959402.xml;7171708417124895.xml
0000649952959402.xml;8285758239980543.xml
0000649952959402.xml;3168626066146861.xml
0000649952959402.xml;8743070680357477.xml
0000649952959402.xml;9465375692384759.xml
0000649952959402.xml;1240868188538349.xml
0000649952959402.xml;2915020488175752.xml
0000649952959402.xml;0350242951071469.xml
0000649952959402.xml;7571572810631160.xml
0000649952959402.xml;8479803539567479.xml
0000649952959402.xml;8479803539567479.xml
0000649952959402.xml;1036771148178280.xml
0000649952959402.xml;2915020488175752.xml
0000649952959402.xml;1545035937368744.xml
0000649952959402.xml;9621939719817114.xml
0000649952959402.xml;8018566460257965.xml
0000649952959402.xml;4956345653584919.xml
0000649952959402.xml;0350866868370257.xml
0000649952959402.xml;4705110753553091.xml
0000649952959402.xml;9049705000096382.xml
0000649952959402.xml;7854389463886027.xml
0000649952959402.xml;0886538546364314.xml
0000649952959402.xml;9772781738942369.xml
0000649952959402.xml;0116256800050381.xml
0000649952959402.xml;7250195328752808.xml
0000649952959402.xml;9255434835123749.xml
0000649952959402.xml;1247501188727780.xml
0000649952959402.xml;0886538546364314.xml
0000649952959402.xml;5153630207599388.xml
0000649952959402.xml;0886538546364314.xml
0000649952959402.xml;2637183835720731.xml
0000649952959402.xml;0913960611566461.xml
0000649952959402.xml;9038872306641159.xml
0000649952959402.xml;4903816455277036.xml
0000649952959402.xml;5055639280522589.xml
0000649952959402.xml;2457590489993620.xml
0000649952959402.xml;2828121867181359.xml
0000649952959402.xml;3827055876022373.xml
0000649952959402.xml;8769746917557559.xml
0000649952959402.xml;9129212330828507.xml
0000649952959402.xml;6393047506809132.xml
0000649952959402.xml;3310315262508382.xml
0000649952959402.xml;5755900521577440.xml
0000649952959402.xml;7452475452740237.xml
0000649952959402.xml;8098379714093877.xml
0000649952959402.xml;1386922092780490.xml
0000649952959402.xml;1200696137896712.xml
0000649952959402.xml;0886538546364314.xml
0000649952959402.xml;8632654592220255.xml
0000649952959402.xml;7321131280026097.xml
0000649952959402.xml;2098446475821891.xml
0000649952959402.xml;1339300436604084.xml
0000649952959402.xml;6800795259915680.xml
0000649952959402.xml;2417984944069845.xml
0000649952959402.xml;4098629441198157.xml
0000649952959402.xml;4956345653584919.xml
0000649952959402.xml;0792866470704558.xml
0000649952959402.xml;2887731522772780.xml
0000649952959402.xml;7401878108125451.xml
0000649952959402.xml;9772781738942369.xml
0000649952959402.xml;3924547991056811.xml
0000649952959402.xml;4447288356115998.xml
0000649952959402.xml;8285758239980543.xml
0000649952959402.xml;2140595408768900.xml
0000649952959402.xml;2393476657163442.xml
0000649952959402.xml;3426219289728672.xml
0000649952959402.xml;4426830285523015.xml
0000649952959402.xml;5987164343458678.xml
0000649952959402.xml;9038872306641159.xml
0000649952959402.xml;2049946905043441.xml
0000649952959402.xml;1771070731646264.xml
0000649952959402.xml;2915020488175752.xml
0000649952959402.xml;0886538546364314.xml
0000649952959402.xml;6550002842303204.xml
0000649952959402.xml;2049946905043441.xml
0000649952959402.xml;8479803539567479.xml
0000649952959402.xml;8941872581428191.xml
0000649952959402.xml;9049705000096382.xml
0000649952959402.xml;2898947587537967.xml
0000649952959402.xml;1321284998759806.xml
0000649952959402.xml;8694381071456316.xml
0000649952959402.xml;2390066977030420.xml
0000649952959402.xml;2285298432583038.xml
0000649952959402.xml;6806884397472187.xml
0000649952959402.xml;0508158155013981.xml
0000649952959402.xml;7022066132451777.xml
0000649952959402.xml;9131440000689072.xml
0000649952959402.xml;7130314140266226.xml
0000649952959402.xml;5271764389196532.xml
0000649952959402.xml;2442031758430371.xml
0000649952959402.xml;0886538546364314.xml
0000649952959402.xml;6550002842303204.xml
0000649952959402.xml;2098446475821891.xml
0000649952959402.xml;0300247844229281.xml
0000649952959402.xml;2673268264970741.xml
0000649952959402.xml;3425809117024031.xml
0000649952959402.xml;2481251710093966.xml
0000649952959402.xml;1771070731646264.xml
0000649952959402.xml;1545035937368744.xml
0000649952959402.xml;8276708741672261.xml
0000649952959402.xml;1810799729696484.xml
0000649952959402.xml;1321284998759806.xml
0000649952959402.xml;9465375692384759.xml
0000652628912861.xml;5226141004904947.xml
0000652628912861.xml;3432958587012328.xml
0000655306844034.xml;5736151077996505.xml
0000665507714302.xml;2093865480708815.xml
0000665507714302.xml;4322996122879051.xml
0000670075693577.xml;4360985838219879.xml
0000698933125572.xml;8308886179056629.xml
0000698933125572.xml;4881121674066200.xml
0000698933125572.xml;5294022182296042.xml
0000698933125572.xml;1148502393879431.xml
0000698933125572.xml;1947869977984633.xml
0000698933125572.xml;3029669145751589.xml
0000698933125572.xml;6057208654073559.xml
0000698933125572.xml;3103968513900187.xml
0000698933125572.xml;8334569742943322.xml
0000698933125572.xml;6057208654073559.xml
0000698933125572.xml;3748308274147624.xml
0000698933125572.xml;9554610973560082.xml
0000698933125572.xml;8334569742943322.xml
0000698933125572.xml;5383476991210301.xml
0000698933125572.xml;7453441092375077.xml
0000698933125572.xml;7727798705541100.xml
0000698933125572.xml;4985772200782832.xml
0000698933125572.xml;3253316004789881.xml
0000698933125572.xml;8334569742943322.xml
0000698933125572.xml;0341388827367235.xml
0000698933125572.xml;6057208654073559.xml
0000698933125572.xml;5479492680133344.xml
0000698933125572.xml;2892508536771045.xml
0000698933125572.xml;4260322026311150.xml
0000698933125572.xml;4260322026311150.xml
0000698933125572.xml;7727798705541100.xml
0000698933125572.xml;8334569742943322.xml
0000698933125572.xml;3449579304678308.xml
0000726591549710.xml;1451598782327103.xml
0000726591549710.xml;6731659559724919.xml
0000726591549710.xml;0565769522081783.xml
0000726591549710.xml;3729137341418832.xml
0000726591549710.xml;4084425594280094.xml
0000726591549710.xml;4395004424144398.xml
0000726591549710.xml;9997804005081978.xml
0000726591549710.xml;9997804005081978.xml
0000726591549710.xml;3729137341418832.xml
0000726591549710.xml;9903752539661030.xml
0000726591549710.xml;3729137341418832.xml
0000726591549710.xml;6192413306231092.xml
0000726591549710.xml;9997804005081978.xml
0000726591549710.xml;3729137341418832.xml
0000726591549710.xml;4150726038779078.xml
0000726591549710.xml;3729137341418832.xml
0000747133717954.xml;8569329294926914.xml
0000747133717954.xml;3449113858899262.xml
0000747137881569.xml;4999689221483392.xml
0000747137881569.xml;5212600085310483.xml
0000747137881569.xml;5615872134186360.xml
0000747137881569.xml;4641468846318922.xml
0000764891947393.xml;2733765551807694.xml
0000764891947393.xml;1801687907907663.xml
0000764891947393.xml;9756112883929356.xml
0000764891947393.xml;4889973847734018.xml
0000764891947393.xml;5502111775606712.xml
0000764891947393.xml;4889973847734018.xml
0000764891947393.xml;6669180438848159.xml
0000764891947393.xml;6062846108609101.xml
0000764891947393.xml;3790340992803690.xml
0000764891947393.xml;8303067438944566.xml
0000764891947393.xml;4395153063468980.xml
0000764891947393.xml;3406787545997811.xml
0000764891947393.xml;5502111775606712.xml
0000764891947393.xml;9534770710875773.xml
0000764891947393.xml;1801687907907663.xml
0000764891947393.xml;5653771273673857.xml
0000764891947393.xml;3362937671462104.xml
0000764891947393.xml;4769635548028625.xml
0000764891947393.xml;0786062730050925.xml
0000764891947393.xml;8391283208024442.xml
0000764891947393.xml;3406787545997811.xml
0000764891947393.xml;1801687907907663.xml
0000764891947393.xml;5502111775606712.xml
0000764891947393.xml;1801687907907663.xml
0000764891947393.xml;4395153063468980.xml
0000764891947393.xml;3555189149642404.xml
0000764891947393.xml;9756112883929356.xml
0000764891947393.xml;0868647031150609.xml
0000764891947393.xml;8115684713552314.xml
0000764891947393.xml;8303067438944566.xml
0000764891947393.xml;1801687907907663.xml
0000764891947393.xml;4889973847734018.xml
0000764891947393.xml;1801687907907663.xml
0000764891947393.xml;2171862579002202.xml
0000764891947393.xml;3406787545997811.xml
0000764891947393.xml;5846110023807209.xml
0000764891947393.xml;8115684713552314.xml
0000764891947393.xml;1124111134306190.xml
0000764891947393.xml;1024434825015654.xml
0000774980499689.xml;1566937332957369.xml
0000774980499689.xml;1137124063566744.xml
